{"cameraMode":{"drawMode":0,"name":"Shaded","section":"Shading Mode"},"sceneLighting":true,"audioPlay":false,"sceneViewState":{"showFog":true,"showMaterialUpdate":false,"showSkybox":true,"showFlares":true,"showImageEffects":true,"showParticleSystems":true},"in2DMode":false,"pivot":{"x":65.22509765625,"y":53.682167053222659,"z":85.34896850585938},"rotation":{"x":0.13370279967784882,"y":0.1315729171037674,"z":-0.017912492156028749,"w":0.9820864796638489},"size":40.672698974609378,"orthographic":false}